<?xml version="1.0" encoding="utf-8"?><?xml-stylesheet type="text/xsl" href="ana_sys_add_info.xsl"?><asx:abap version="1.0" xmlns:asx="http://www.sap.com/abapxml"><asx:values><HEADER_DATA><item><KEY>UsageSysOperatingSsystem</KEY><VALUE>Linux</VALUE></item><item><KEY>UsageSysDatabaseSysType</KEY><VALUE>HDB</VALUE></item><item><KEY>UsageSysDatabaseSysName</KEY><VALUE>BT0</VALUE></item><item><KEY>UsageSysKernelRelease</KEY><VALUE>754</VALUE></item><item><KEY>UsageSysOPSystemRelease</KEY><VALUE>6.4.0-150600.23.53-default</VALUE></item><item><KEY>UsageSystemUnicode</KEY><VALUE>Y</VALUE></item><item><KEY>UsageSystemInstallationNum</KEY><VALUE>0020604452</VALUE></item></HEADER_DATA><PRODUCT_VERSION><INSTSWPROD><ID>73554900100900000414</ID><NAME>SAP NETWEAVER</NAME><VERSION>7.5</VERSION><VENDOR>sap.com</VENDOR><DESCRIPT>SAP NETWEAVER 7.5</DESCRIPT></INSTSWPROD></PRODUCT_VERSION><SW_COMPONENT><item><COMPONENT>SAP_BASIS</COMPONENT><RELEASE>750</RELEASE><EXTRELEASE>0029</EXTRELEASE></item><item><COMPONENT>SAP_ABA</COMPONENT><RELEASE>750</RELEASE><EXTRELEASE>0029</EXTRELEASE></item><item><COMPONENT>SAP_GWFND</COMPONENT><RELEASE>750</RELEASE><EXTRELEASE>0029</EXTRELEASE></item><item><COMPONENT>SAP_UI</COMPONENT><RELEASE>754</RELEASE><EXTRELEASE>0014</EXTRELEASE></item><item><COMPONENT>ST-PI</COMPONENT><RELEASE>740</RELEASE><EXTRELEASE>0031</EXTRELEASE></item><item><COMPONENT>BI_CONT</COMPONENT><RELEASE>757</RELEASE><EXTRELEASE>0034</EXTRELEASE></item><item><COMPONENT>SAP_BW</COMPONENT><RELEASE>750</RELEASE><EXTRELEASE>0029</EXTRELEASE></item><item><COMPONENT>ST-A/PI</COMPONENT><RELEASE>01W_731</RELEASE><EXTRELEASE>0002</EXTRELEASE></item></SW_COMPONENT></asx:values></asx:abap>