<?xml version="1.0" encoding="utf-8"?><?xml-stylesheet type="text/xsl" href="bw_header.xsl"?><asx:abap version="1.0" xmlns:asx="http://www.sap.com/abapxml"><asx:values><HEADER_DATA><item><KEY>HANASizingAnalysis</KEY><VALUE>Y</VALUE></item><item><KEY>HANASizingAnalysisResults</KEY><VALUE>Y</VALUE></item><item><KEY>UsageNewCodeAnalysis</KEY><VALUE>Y</VALUE></item><item><KEY>UsageNewCodeAnalysisResults</KEY><VALUE>Y</VALUE></item><item><KEY>ObjectAnalysis</KEY><VALUE>Y</VALUE></item><item><KEY>ObjectAnalysisResults</KEY><VALUE>Y</VALUE></item><item><KEY>LSysAnalysis</KEY><VALUE>Y</VALUE></item><item><KEY>LSysAnalysisResults</KEY><VALUE>Y</VALUE></item><item><KEY>UsageSystem</KEY><VALUE>BT0</VALUE></item><item><KEY>UsageSystemClient</KEY><VALUE>001</VALUE></item><item><KEY>Scenario</KEY><VALUE>BW4_Conversion</VALUE></item><item><KEY>BW4TargetStack</KEY><VALUE>73555000103300013895</VALUE></item><item><KEY>BW4TargetProductVersion</KEY><VALUE>73554900100900007247</VALUE></item><item><KEY>ExtractingProgram</KEY><VALUE>RC_BW_COLLECT_ANALYSIS_DATA</VALUE></item></HEADER_DATA></asx:values></asx:abap>