<?xml version="1.0" encoding="utf-8"?><?xml-stylesheet type="text/xsl" href="lsys.xsl"?><asx:abap version="1.0" xmlns:asx="http://www.sap.com/abapxml"><asx:values><LSYS><item><TLOGO>LSYS</TLOGO><NAME>AXCQDB</NAME><RELEASE/><STATUS>Anpassung erfor</STATUS><COMMENT>DB Connect</COMMENT><SNOTE>2447932</SNOTE><RECOMMENDATION>Der Quelltyp wird in BW/4 HANA nicht unterstützt. Wechseln Sie bitte zu einem SAP HANA- oder SDA-Quellsystem.</RECOMMENDATION></item><item><TLOGO>LSYS</TLOGO><NAME>BT0CLNT001</NAME><RELEASE>SAP_BW 750 0029</RELEASE><STATUS>Bereit f. ODP 2</STATUS><COMMENT>Eigenes BI</COMMENT><SNOTE/><RECOMMENDATION>Quellsystem-Typ 'Eigenes BI' wird nicht unterstützt. Siehe Befund für RSDS.</RECOMMENDATION></item><item><TLOGO>LSYS</TLOGO><NAME>C10CLNT200</NAME><RELEASE/><STATUS>Systemfehler</STATUS><COMMENT/><SNOTE/><RECOMMENDATION>RFC-Destination C10CLNT200 existiert nicht.</RECOMMENDATION></item><item><TLOGO>LSYS</TLOGO><NAME>COGNOS_FAP</NAME><RELEASE/><STATUS>Anpassung erfor</STATUS><COMMENT>DB Connect</COMMENT><SNOTE>2447932</SNOTE><RECOMMENDATION>Der Quelltyp wird in BW/4 HANA nicht unterstützt. Wechseln Sie bitte zu einem SAP HANA- oder SDA-Quellsystem.</RECOMMENDATION></item><item><TLOGO>LSYS</TLOGO><NAME>DATAPOOL</NAME><RELEASE/><STATUS>Anpassung erfor</STATUS><COMMENT>DB Connect</COMMENT><SNOTE>2447932</SNOTE><RECOMMENDATION>Der Quelltyp wird in BW/4 HANA nicht unterstützt. Wechseln Sie bitte zu einem SAP HANA- oder SDA-Quellsystem.</RECOMMENDATION></item><item><TLOGO>LSYS</TLOGO><NAME>ERP</NAME><RELEASE/><STATUS>Anpassung erfor</STATUS><COMMENT>DB Connect</COMMENT><SNOTE>2447932</SNOTE><RECOMMENDATION>Der Quelltyp wird in BW/4 HANA nicht unterstützt. Wechseln Sie bitte zu einem SAP HANA- oder SDA-Quellsystem.</RECOMMENDATION></item><item><TLOGO>LSYS</TLOGO><NAME>SAPDS</NAME><RELEASE/><STATUS>Anpassung erfor</STATUS><COMMENT>Fremdsystem</COMMENT><SNOTE>2441836</SNOTE><RECOMMENDATION>Der Quelltyp wird in BW/4 HANA nicht unterstützt. Wechseln Sie bitte zu einem SAP HANA- oder SDA-Quellsystem.</RECOMMENDATION></item><item><TLOGO>LSYS</TLOGO><NAME>SCSMDW</NAME><RELEASE/><STATUS>Anpassung erfor</STATUS><COMMENT>DB Connect</COMMENT><SNOTE>2447932</SNOTE><RECOMMENDATION>Der Quelltyp wird in BW/4 HANA nicht unterstützt. Wechseln Sie bitte zu einem SAP HANA- oder SDA-Quellsystem.</RECOMMENDATION></item><item><TLOGO>LSYS</TLOGO><NAME>TAGETIK</NAME><RELEASE/><STATUS>Anpassung erfor</STATUS><COMMENT>DB Connect</COMMENT><SNOTE>2447932</SNOTE><RECOMMENDATION>Der Quelltyp wird in BW/4 HANA nicht unterstützt. Wechseln Sie bitte zu einem SAP HANA- oder SDA-Quellsystem.</RECOMMENDATION></item><item><TLOGO>LSYS</TLOGO><NAME>WASCHANGE</NAME><RELEASE/><STATUS>Anpassung erfor</STATUS><COMMENT>DB Connect</COMMENT><SNOTE>2447932</SNOTE><RECOMMENDATION>Der Quelltyp wird in BW/4 HANA nicht unterstützt. Wechseln Sie bitte zu einem SAP HANA- oder SDA-Quellsystem.</RECOMMENDATION></item></LSYS></asx:values></asx:abap>