<?xml version="1.0" encoding="utf-8"?><asx:abap version="1.0" xmlns:asx="http://www.sap.com/abapxml"><asx:values><FUNCTIONMODULES><item><DEVCLASS>ZWIT</DEVCLASS><OBJ_NAME>Z_RFC_CODESCAN</OBJ_NAME><DESCRIPTION>&lt;unavailable&gt;</DESCRIPTION><FUNC_GRP>Z_DP</FUNC_GRP><CALLSTACK_STR/><MESSAGE_TYPE>E</MESSAGE_TYPE><MESSAGE_STR>Code FUNC: Übereinstimmung(en) mit verbotenem Obj. TABL RSTS in Z. 390 gefunden</MESSAGE_STR><MESSAGE_CAT>TABL</MESSAGE_CAT></item><item><DEVCLASS>ZWIT</DEVCLASS><OBJ_NAME>Z_RFC_CODESCAN</OBJ_NAME><DESCRIPTION>&lt;unavailable&gt;</DESCRIPTION><FUNC_GRP>Z_DP</FUNC_GRP><CALLSTACK_STR/><MESSAGE_TYPE>E</MESSAGE_TYPE><MESSAGE_STR>Code FUNC: Übereinstimmung(en) mit verbotenem Obj. TABL RSTSRULES in Z. 382 gefunden</MESSAGE_STR><MESSAGE_CAT>TABL</MESSAGE_CAT></item><item><DEVCLASS>ZWIT</DEVCLASS><OBJ_NAME>Z_RFC_ENTITY_SYNC</OBJ_NAME><DESCRIPTION>&lt;unavailable&gt;</DESCRIPTION><FUNC_GRP>Z_DP</FUNC_GRP><CALLSTACK_STR/><MESSAGE_TYPE>E</MESSAGE_TYPE><MESSAGE_STR>Code FUNC: Übereinstimmung(en) mit verbotenem Obj. TABL RSIS in Z. 572 gefunden</MESSAGE_STR><MESSAGE_CAT>TABL</MESSAGE_CAT></item><item><DEVCLASS>ZWIT</DEVCLASS><OBJ_NAME>Z_RFC_ENTITY_SYNC</OBJ_NAME><DESCRIPTION>&lt;unavailable&gt;</DESCRIPTION><FUNC_GRP>Z_DP</FUNC_GRP><CALLSTACK_STR/><MESSAGE_TYPE>E</MESSAGE_TYPE><MESSAGE_STR>Code FUNC: Übereinstimmung(en) mit verbotenem Obj. TABL RSISOSMAP in Z. 623 gefunden</MESSAGE_STR><MESSAGE_CAT>TABL</MESSAGE_CAT></item><item><DEVCLASS>ZWIT</DEVCLASS><OBJ_NAME>Z_RFC_ENTITY_SYNC</OBJ_NAME><DESCRIPTION>&lt;unavailable&gt;</DESCRIPTION><FUNC_GRP>Z_DP</FUNC_GRP><CALLSTACK_STR/><MESSAGE_TYPE>E</MESSAGE_TYPE><MESSAGE_STR>Code FUNC: Übereinstimmung(en) mit verbotenem Obj. TABL RSIST in Z. 573 gefunden</MESSAGE_STR><MESSAGE_CAT>TABL</MESSAGE_CAT></item><item><DEVCLASS>ZWIT</DEVCLASS><OBJ_NAME>Z_RFC_ENTITY_SYNC</OBJ_NAME><DESCRIPTION>&lt;unavailable&gt;</DESCRIPTION><FUNC_GRP>Z_DP</FUNC_GRP><CALLSTACK_STR/><MESSAGE_TYPE>E</MESSAGE_TYPE><MESSAGE_STR>Code FUNC: Übereinstimmung(en) mit verbotenem Obj. TABL RSOLTPSOURCE in Z. 525 gefunden</MESSAGE_STR><MESSAGE_CAT>TABL</MESSAGE_CAT></item><item><DEVCLASS>ZWIT</DEVCLASS><OBJ_NAME>Z_RFC_ENTITY_SYNC</OBJ_NAME><DESCRIPTION>&lt;unavailable&gt;</DESCRIPTION><FUNC_GRP>Z_DP</FUNC_GRP><CALLSTACK_STR/><MESSAGE_TYPE>E</MESSAGE_TYPE><MESSAGE_STR>Code FUNC: Übereinstimmung(en) mit verbotenem Obj. TABL RSOLTPSOURCET in Z. 526 gefunden</MESSAGE_STR><MESSAGE_CAT>TABL</MESSAGE_CAT></item><item><DEVCLASS>ZWIT</DEVCLASS><OBJ_NAME>Z_RFC_ENTITY_SYNC</OBJ_NAME><DESCRIPTION>&lt;unavailable&gt;</DESCRIPTION><FUNC_GRP>Z_DP</FUNC_GRP><CALLSTACK_STR/><MESSAGE_TYPE>E</MESSAGE_TYPE><MESSAGE_STR>Code FUNC: Übereinstimmung(en) mit verbotenem Obj. TABL RSTS in Z. 624 gefunden</MESSAGE_STR><MESSAGE_CAT>TABL</MESSAGE_CAT></item></FUNCTIONMODULES></asx:values></asx:abap>