<?xml version="1.0" encoding="utf-8"?><asx:abap version="1.0" xmlns:asx="http://www.sap.com/abapxml"><asx:values><TRANSFORMATIONS><item><DEVCLASS>ZWIT</DEVCLASS><OBJ_NAME>028VWHRBA3YA6ETCIQYECXKGALXELLBX</OBJ_NAME><DESCRIPTION>ADSO ZPFITAD11 -&gt; ADSO ZCFITAD11</DESCRIPTION><SUB_STEP>End Routine</SUB_STEP><CALLSTACK_STR/><MESSAGE_TYPE>E</MESSAGE_TYPE><MESSAGE_STR>Code ROUT: Übereinstimmung(en) mit verbotenem Objekt FUNC REBW_FIRST_DAY_OF_PERIOD_GET gefunden</MESSAGE_STR><MESSAGE_CAT>FUNC</MESSAGE_CAT></item><item><DEVCLASS>ZWIT</DEVCLASS><OBJ_NAME>0DR3HTI930TTXEANXZQRPWKJPSVDCDMF</OBJ_NAME><DESCRIPTION>ADSO ZPFITAD12 -&gt; ADSO ZCFITAD12</DESCRIPTION><SUB_STEP>End Routine</SUB_STEP><CALLSTACK_STR/><MESSAGE_TYPE>E</MESSAGE_TYPE><MESSAGE_STR>Code ROUT: Übereinstimmung(en) mit verbotenem Objekt FUNC REBW_FIRST_DAY_OF_PERIOD_GET gefunden</MESSAGE_STR><MESSAGE_CAT>FUNC</MESSAGE_CAT></item><item><DEVCLASS>ZWIT</DEVCLASS><OBJ_NAME>0LQAFF1NX1YDTOY6JQO8854H3923H6BF</OBJ_NAME><DESCRIPTION>ADSO ZPSATAD04 -&gt; TRCS ZSA_ZCSATAD08_T</DESCRIPTION><SUB_STEP>Field Routine for /BIC/ZRSREQUID</SUB_STEP><CALLSTACK_STR/><MESSAGE_TYPE>W</MESSAGE_TYPE><MESSAGE_STR>Imp.klasse nicht ermittelbar. Manuelle Analyse der Zeile 3 erforderlich.</MESSAGE_STR><MESSAGE_CAT>AMAN</MESSAGE_CAT></item><item><DEVCLASS>ZWIT</DEVCLASS><OBJ_NAME>0LQAFF1NX1YDTOY6JQO8854H3923H6BF</OBJ_NAME><DESCRIPTION>ADSO ZPSATAD04 -&gt; TRCS ZSA_ZCSATAD08_T</DESCRIPTION><SUB_STEP>Field Routine for /BIC/ZLOADTSTP</SUB_STEP><CALLSTACK_STR/><MESSAGE_TYPE>W</MESSAGE_TYPE><MESSAGE_STR>Imp.klasse nicht ermittelbar. Manuelle Analyse der Zeile 3 erforderlich.</MESSAGE_STR><MESSAGE_CAT>AMAN</MESSAGE_CAT></item><item><DEVCLASS>ZWIT</DEVCLASS><OBJ_NAME>0LQAFF1NX1YDTOY6JQO8854H3923H6BF</OBJ_NAME><DESCRIPTION>ADSO ZPSATAD04 -&gt; TRCS ZSA_ZCSATAD08_T</DESCRIPTION><SUB_STEP>Field Routine for /BIC/ZLDSTMPCH</SUB_STEP><CALLSTACK_STR/><MESSAGE_TYPE>W</MESSAGE_TYPE><MESSAGE_STR>Imp.klasse nicht ermittelbar. Manuelle Analyse der Zeile 3 erforderlich.</MESSAGE_STR><MESSAGE_CAT>AMAN</MESSAGE_CAT></item></TRANSFORMATIONS></asx:values></asx:abap>