<?xml version="1.0" encoding="utf-8"?><asx:abap version="1.0" xmlns:asx="http://www.sap.com/abapxml"><asx:values><REPORTS><item><DEVCLASS>ZZWIT_BC</DEVCLASS><OBJ_NAME>ZNOTE_2777672_PRE</OBJ_NAME><DESCRIPTION>ZNOTE_2777672_PRE</DESCRIPTION><CALLSTACK_STR/><MESSAGE_TYPE>W</MESSAGE_TYPE><MESSAGE_STR>Imp.klasse nicht ermittelbar. Manuelle Analyse der Zeile 9134 erforderlich.</MESSAGE_STR><MESSAGE_CAT>AMAN</MESSAGE_CAT></item><item><DEVCLASS>ZWIT</DEVCLASS><OBJ_NAME>Z_SAP_HIERARCHY_DOWNLOAD</OBJ_NAME><DESCRIPTION>Download hierarchy into a flat file</DESCRIPTION><CALLSTACK_STR/><MESSAGE_TYPE>E</MESSAGE_TYPE><MESSAGE_STR>Code PROG: Übereinstimmung(en) mit verbotenem Obj. FUNC RSNDI_SHIE_STRUCTURE_GET in Z. 240 gefunden</MESSAGE_STR><MESSAGE_CAT>FUNC</MESSAGE_CAT></item></REPORTS></asx:values></asx:abap>