<?xml version="1.0" encoding="utf-8"?><asx:abap version="1.0" xmlns:asx="http://www.sap.com/abapxml"><asx:values><DTP_FILTERS><item><DEVCLASS>ZWIT</DEVCLASS><OBJ_NAME>DTP_00O2TP3R08P6SDVKCD0TWA2UJ</OBJ_NAME><DESCRIPTION>P/F: ZEXQTD01 -&gt; ZIGLTAD81</DESCRIPTION><DATAFLOW>Full: ELEM 00O2TP3R08P6SDDDQ7U2J4F6Z -&gt; ADSO ZIGLTAD81</DATAFLOW><CALLSTACK_STR/><MESSAGE_TYPE>W</MESSAGE_TYPE><MESSAGE_STR>Fehler beim Lesen des DTPs DTP_00O2TP3R08P6SDVKCD0TWA2UJ.</MESSAGE_STR><MESSAGE_CAT>ERRO</MESSAGE_CAT></item><item><DEVCLASS>ZWIT</DEVCLASS><OBJ_NAME>DTP_00O2TP3R08P6SDVMZ1PFC60OB</OBJ_NAME><DESCRIPTION>P/F: ZEXQTD02 -&gt; ZIGLTAD82</DESCRIPTION><DATAFLOW>Full: ELEM 00O2TP3R08P6SDDBRTJM6BCA3 -&gt; ADSO ZIGLTAD82</DATAFLOW><CALLSTACK_STR/><MESSAGE_TYPE>W</MESSAGE_TYPE><MESSAGE_STR>Fehler beim Lesen des DTPs DTP_00O2TP3R08P6SDVMZ1PFC60OB.</MESSAGE_STR><MESSAGE_CAT>ERRO</MESSAGE_CAT></item></DTP_FILTERS></asx:values></asx:abap>