<?xml version="1.0" encoding="utf-8"?><asx:abap version="1.0" xmlns:asx="http://www.sap.com/abapxml"><asx:values><OTHERS><item><DEVCLASS>BW_DEPRECATED_MISC</DEVCLASS><OBJECT>SMOD</OBJECT><OBJ_NAME>RSR00001</OBJ_NAME><DESCRIPTION>BI: Erweiterungen für globale Variablen im Reporting</DESCRIPTION><CALLSTACK_STR/><MESSAGE_TYPE>W</MESSAGE_TYPE><MESSAGE_STR>Erweiterung ist nicht mehr gültig. Bitte das entsprechende BAdI benutzen.</MESSAGE_STR><MESSAGE_CAT/></item><item><DEVCLASS>BW_DEPRECATED_MISC</DEVCLASS><OBJECT>SMOD</OBJECT><OBJ_NAME>RSR00002</OBJ_NAME><DESCRIPTION>BI: Virtuelle Merkmale und Kennzahlen im Reporting</DESCRIPTION><CALLSTACK_STR/><MESSAGE_TYPE>W</MESSAGE_TYPE><MESSAGE_STR>Erweiterung ist nicht mehr gültig. Bitte das entsprechende BAdI benutzen.</MESSAGE_STR><MESSAGE_CAT/></item></OTHERS></asx:values></asx:abap>